round,F_left,left_available,F_right,right_available,F_swapped,swap_success
0,0.0,0.0,0.7099457893657827,1.0,0.0,False
1,0.7099457893657827,1.0,0.7099457893657827,1.0,0.5320668439787063,True
2,0.0,0.0,0.7099457893657827,1.0,0.0,False
3,0.0,0.0,0.0,0.0,0.0,False
4,0.7099457893657827,1.0,0.7099457893657827,1.0,0.5320668439787063,True
5,0.0,0.0,0.7099457893657827,1.0,0.0,False
6,0.0,0.0,0.0,0.0,0.0,False
7,0.0,0.0,0.7099457893657827,1.0,0.0,False
8,0.7099457893657827,1.0,0.7099457893657827,1.0,0.5320668439787063,True
9,0.7099457893657827,1.0,0.7099457893657827,1.0,0.5320668439787063,True
10,0.7099457893657827,1.0,0.0,0.0,0.0,False
11,0.0,0.0,0.0,0.0,0.0,False
12,0.7099457893657827,1.0,0.7099457893657827,1.0,0.5320668439787063,True
13,0.0,0.0,0.7099457893657827,1.0,0.0,False
14,0.7099457893657827,1.0,0.7099457893657827,1.0,0.5320668439787063,True
15,0.7099457893657827,1.0,0.7099457893657827,1.0,0.5320668439787063,True
16,0.7099457893657827,1.0,0.7099457893657827,1.0,0.5320668439787063,True
17,0.7099457893657827,1.0,0.0,0.0,0.0,False
18,0.0,0.0,0.0,0.0,0.0,False
19,0.7099457893657827,1.0,0.7099457893657827,1.0,0.5320668439787063,True
20,0.0,0.0,0.7099457893657827,1.0,0.0,False
21,0.7099457893657827,1.0,0.0,0.0,0.0,False
22,0.0,0.0,0.7099457893657827,1.0,0.0,False
23,0.0,0.0,0.0,0.0,0.0,False
24,0.0,0.0,0.0,0.0,0.0,False
25,0.7099457893657827,1.0,0.7099457893657827,1.0,0.5320668439787063,True
26,0.7099457893657827,1.0,0.7099457893657827,1.0,0.5320668439787063,True
27,0.7099457893657827,1.0,0.0,0.0,0.0,False
28,0.7099457893657827,1.0,0.7099457893657827,1.0,0.5320668439787063,True
29,0.7099457893657827,1.0,0.7099457893657827,1.0,0.5320668439787063,True
30,0.0,0.0,0.7099457893657827,1.0,0.0,False
31,0.0,0.0,0.7099457893657827,1.0,0.0,False
32,0.7099457893657827,1.0,0.7099457893657827,1.0,0.5320668439787063,True
33,0.7099457893657827,1.0,0.7099457893657827,1.0,0.5320668439787063,True
34,0.7099457893657827,1.0,0.7099457893657827,1.0,0.5320668439787063,True
35,0.7099457893657827,1.0,0.7099457893657827,1.0,0.5320668439787063,True
36,0.7099457893657827,1.0,0.7099457893657827,1.0,0.5320668439787063,True
37,0.7099457893657827,1.0,0.7099457893657827,1.0,0.5320668439787063,True
38,0.7099457893657827,1.0,0.7099457893657827,1.0,0.5320668439787063,True
39,0.7099457893657827,1.0,0.7099457893657827,1.0,0.5320668439787063,True
40,0.7099457893657827,1.0,0.7099457893657827,1.0,0.5320668439787063,True
41,0.0,0.0,0.7099457893657827,1.0,0.0,False
42,0.0,0.0,0.7099457893657827,1.0,0.0,False
43,0.7099457893657827,1.0,0.7099457893657827,1.0,0.5320668439787063,True
44,0.0,0.0,0.7099457893657827,1.0,0.0,False
45,0.0,0.0,0.7099457893657827,1.0,0.0,False
46,0.7099457893657827,1.0,0.7099457893657827,1.0,0.5320668439787063,True
47,0.7099457893657827,1.0,0.0,0.0,0.0,False
48,0.7099457893657827,1.0,0.7099457893657827,1.0,0.5320668439787063,True
49,0.7099457893657827,1.0,0.7099457893657827,1.0,0.5320668439787063,True
50,0.7099457893657827,1.0,0.7099457893657827,1.0,0.5320668439787063,True
51,0.7099457893657827,1.0,0.7099457893657827,1.0,0.5320668439787063,True
52,0.0,0.0,0.7099457893657827,1.0,0.0,False
53,0.7099457893657827,1.0,0.7099457893657827,1.0,0.5320668439787063,True
54,0.0,0.0,0.7099457893657827,1.0,0.0,False
55,0.0,0.0,0.0,0.0,0.0,False
56,0.7099457893657827,1.0,0.7099457893657827,1.0,0.5320668439787063,True
57,0.7099457893657827,1.0,0.7099457893657827,1.0,0.5320668439787063,True
58,0.7099457893657827,1.0,0.0,0.0,0.0,False
59,0.7099457893657827,1.0,0.0,0.0,0.0,False
60,0.7099457893657827,1.0,0.0,0.0,0.0,False
61,0.7099457893657827,1.0,0.7099457893657827,1.0,0.5320668439787063,True
62,0.7099457893657827,1.0,0.7099457893657827,1.0,0.5320668439787063,True
63,0.0,0.0,0.7099457893657827,1.0,0.0,False
64,0.7099457893657827,1.0,0.7099457893657827,1.0,0.5320668439787063,True
65,0.7099457893657827,1.0,0.7099457893657827,1.0,0.5320668439787063,True
66,0.7099457893657827,1.0,0.7099457893657827,1.0,0.5320668439787063,True
67,0.7099457893657827,1.0,0.0,0.0,0.0,False
68,0.7099457893657827,1.0,0.0,0.0,0.0,False
69,0.7099457893657827,1.0,0.7099457893657827,1.0,0.5320668439787063,True
70,0.7099457893657827,1.0,0.7099457893657827,1.0,0.5320668439787063,True
71,0.7099457893657827,1.0,0.7099457893657827,1.0,0.5320668439787063,True
72,0.0,0.0,0.0,0.0,0.0,False
73,0.7099457893657827,1.0,0.0,0.0,0.0,False
74,0.7099457893657827,1.0,0.7099457893657827,1.0,0.5320668439787063,True
75,0.7099457893657827,1.0,0.7099457893657827,1.0,0.5320668439787063,True
76,0.7099457893657827,1.0,0.0,0.0,0.0,False
77,0.7099457893657827,1.0,0.7099457893657827,1.0,0.5320668439787063,True
78,0.7099457893657827,1.0,0.7099457893657827,1.0,0.5320668439787063,True
79,0.0,0.0,0.7099457893657827,1.0,0.0,False
80,0.7099457893657827,1.0,0.7099457893657827,1.0,0.5320668439787063,True
81,0.7099457893657827,1.0,0.7099457893657827,1.0,0.5320668439787063,True
82,0.0,0.0,0.0,0.0,0.0,False
83,0.7099457893657827,1.0,0.7099457893657827,1.0,0.5320668439787063,True
84,0.7099457893657827,1.0,0.0,0.0,0.0,False
85,0.7099457893657827,1.0,0.7099457893657827,1.0,0.5320668439787063,True
86,0.0,0.0,0.7099457893657827,1.0,0.0,False
87,0.7099457893657827,1.0,0.0,0.0,0.0,False
88,0.7099457893657827,1.0,0.0,0.0,0.0,False
89,0.7099457893657827,1.0,0.7099457893657827,1.0,0.5320668439787063,True
90,0.7099457893657827,1.0,0.0,0.0,0.0,False
91,0.0,0.0,0.7099457893657827,1.0,0.0,False
92,0.7099457893657827,1.0,0.7099457893657827,1.0,0.5320668439787063,True
93,0.7099457893657827,1.0,0.7099457893657827,1.0,0.5320668439787063,True
94,0.7099457893657827,1.0,0.7099457893657827,1.0,0.5320668439787063,True
95,0.7099457893657827,1.0,0.0,0.0,0.0,False
96,0.7099457893657827,1.0,0.7099457893657827,1.0,0.5320668439787063,True
97,0.7099457893657827,1.0,0.7099457893657827,1.0,0.5320668439787063,True
98,0.7099457893657827,1.0,0.0,0.0,0.0,False
99,0.0,0.0,0.0,0.0,0.0,False
100,0.0,0.0,0.7099457893657827,1.0,0.0,False
101,0.0,0.0,0.0,0.0,0.0,False
102,0.7099457893657827,1.0,0.0,0.0,0.0,False
103,0.0,0.0,0.7099457893657827,1.0,0.0,False
104,0.0,0.0,0.0,0.0,0.0,False
105,0.0,0.0,0.7099457893657827,1.0,0.0,False
106,0.7099457893657827,1.0,0.7099457893657827,1.0,0.5320668439787063,True
107,0.7099457893657827,1.0,0.0,0.0,0.0,False
108,0.7099457893657827,1.0,0.0,0.0,0.0,False
109,0.0,0.0,0.7099457893657827,1.0,0.0,False
110,0.7099457893657827,1.0,0.7099457893657827,1.0,0.5320668439787063,True
111,0.7099457893657827,1.0,0.7099457893657827,1.0,0.5320668439787063,True
112,0.7099457893657827,1.0,0.7099457893657827,1.0,0.5320668439787063,True
113,0.7099457893657827,1.0,0.7099457893657827,1.0,0.5320668439787063,True
114,0.7099457893657827,1.0,0.0,0.0,0.0,False
115,0.0,0.0,0.0,0.0,0.0,False
116,0.0,0.0,0.0,0.0,0.0,False
117,0.0,0.0,0.0,0.0,0.0,False
118,0.7099457893657827,1.0,0.7099457893657827,1.0,0.5320668439787063,True
119,0.7099457893657827,1.0,0.0,0.0,0.0,False
120,0.7099457893657827,1.0,0.7099457893657827,1.0,0.5320668439787063,True
121,0.7099457893657827,1.0,0.7099457893657827,1.0,0.5320668439787063,True
122,0.7099457893657827,1.0,0.7099457893657827,1.0,0.5320668439787063,True
123,0.7099457893657827,1.0,0.0,0.0,0.0,False
124,0.7099457893657827,1.0,0.7099457893657827,1.0,0.5320668439787063,True
125,0.7099457893657827,1.0,0.7099457893657827,1.0,0.5320668439787063,True
126,0.7099457893657827,1.0,0.0,0.0,0.0,False
127,0.7099457893657827,1.0,0.7099457893657827,1.0,0.5320668439787063,True
128,0.7099457893657827,1.0,0.7099457893657827,1.0,0.5320668439787063,True
129,0.7099457893657827,1.0,0.0,0.0,0.0,False
130,0.7099457893657827,1.0,0.0,0.0,0.0,False
131,0.0,0.0,0.7099457893657827,1.0,0.0,False
132,0.7099457893657827,1.0,0.7099457893657827,1.0,0.5320668439787063,True
133,0.7099457893657827,1.0,0.7099457893657827,1.0,0.5320668439787063,True
134,0.7099457893657827,1.0,0.7099457893657827,1.0,0.5320668439787063,True
135,0.7099457893657827,1.0,0.7099457893657827,1.0,0.5320668439787063,True
136,0.0,0.0,0.7099457893657827,1.0,0.0,False
137,0.7099457893657827,1.0,0.0,0.0,0.0,False
138,0.0,0.0,0.7099457893657827,1.0,0.0,False
139,0.7099457893657827,1.0,0.7099457893657827,1.0,0.5320668439787063,True
140,0.7099457893657827,1.0,0.7099457893657827,1.0,0.5320668439787063,True
141,0.7099457893657827,1.0,0.7099457893657827,1.0,0.5320668439787063,True
142,0.0,0.0,0.7099457893657827,1.0,0.0,False
143,0.7099457893657827,1.0,0.7099457893657827,1.0,0.5320668439787063,True
144,0.7099457893657827,1.0,0.0,0.0,0.0,False
145,0.7099457893657827,1.0,0.7099457893657827,1.0,0.5320668439787063,True
146,0.7099457893657827,1.0,0.0,0.0,0.0,False
147,0.7099457893657827,1.0,0.7099457893657827,1.0,0.5320668439787063,True
148,0.7099457893657827,1.0,0.0,0.0,0.0,False
149,0.7099457893657827,1.0,0.7099457893657827,1.0,0.5320668439787063,True
150,0.0,0.0,0.7099457893657827,1.0,0.0,False
151,0.0,0.0,0.0,0.0,0.0,False
152,0.7099457893657827,1.0,0.7099457893657827,1.0,0.5320668439787063,True
153,0.7099457893657827,1.0,0.7099457893657827,1.0,0.5320668439787063,True
154,0.7099457893657827,1.0,0.7099457893657827,1.0,0.5320668439787063,True
155,0.7099457893657827,1.0,0.7099457893657827,1.0,0.5320668439787063,True
156,0.7099457893657827,1.0,0.7099457893657827,1.0,0.5320668439787063,True
157,0.7099457893657827,1.0,0.0,0.0,0.0,False
158,0.0,0.0,0.0,0.0,0.0,False
159,0.0,0.0,0.7099457893657827,1.0,0.0,False
160,0.7099457893657827,1.0,0.0,0.0,0.0,False
161,0.0,0.0,0.0,0.0,0.0,False
162,0.7099457893657827,1.0,0.0,0.0,0.0,False
163,0.7099457893657827,1.0,0.7099457893657827,1.0,0.5320668439787063,True
164,0.7099457893657827,1.0,0.7099457893657827,1.0,0.5320668439787063,True
165,0.7099457893657827,1.0,0.0,0.0,0.0,False
166,0.0,0.0,0.7099457893657827,1.0,0.0,False
167,0.0,0.0,0.0,0.0,0.0,False
168,0.7099457893657827,1.0,0.7099457893657827,1.0,0.5320668439787063,True
169,0.0,0.0,0.7099457893657827,1.0,0.0,False
170,0.7099457893657827,1.0,0.7099457893657827,1.0,0.5320668439787063,True
171,0.7099457893657827,1.0,0.7099457893657827,1.0,0.5320668439787063,True
172,0.7099457893657827,1.0,0.7099457893657827,1.0,0.5320668439787063,True
173,0.0,0.0,0.0,0.0,0.0,False
174,0.7099457893657827,1.0,0.7099457893657827,1.0,0.5320668439787063,True
175,0.7099457893657827,1.0,0.7099457893657827,1.0,0.5320668439787063,True
176,0.7099457893657827,1.0,0.7099457893657827,1.0,0.5320668439787063,True
177,0.0,0.0,0.7099457893657827,1.0,0.0,False
178,0.0,0.0,0.7099457893657827,1.0,0.0,False
179,0.0,0.0,0.0,0.0,0.0,False
180,0.0,0.0,0.7099457893657827,1.0,0.0,False
181,0.0,0.0,0.7099457893657827,1.0,0.0,False
182,0.7099457893657827,1.0,0.0,0.0,0.0,False
183,0.7099457893657827,1.0,0.7099457893657827,1.0,0.5320668439787063,True
184,0.0,0.0,0.7099457893657827,1.0,0.0,False
185,0.7099457893657827,1.0,0.7099457893657827,1.0,0.5320668439787063,True
186,0.7099457893657827,1.0,0.7099457893657827,1.0,0.5320668439787063,True
187,0.7099457893657827,1.0,0.7099457893657827,1.0,0.5320668439787063,True
188,0.0,0.0,0.7099457893657827,1.0,0.0,False
189,0.7099457893657827,1.0,0.7099457893657827,1.0,0.5320668439787063,True
190,0.0,0.0,0.7099457893657827,1.0,0.0,False
191,0.7099457893657827,1.0,0.7099457893657827,1.0,0.5320668439787063,True
192,0.7099457893657827,1.0,0.0,0.0,0.0,False
193,0.0,0.0,0.7099457893657827,1.0,0.0,False
194,0.7099457893657827,1.0,0.0,0.0,0.0,False
195,0.7099457893657827,1.0,0.0,0.0,0.0,False
196,0.7099457893657827,1.0,0.7099457893657827,1.0,0.5320668439787063,True
197,0.0,0.0,0.7099457893657827,1.0,0.0,False
198,0.7099457893657827,1.0,0.7099457893657827,1.0,0.5320668439787063,True
199,0.7099457893657827,1.0,0.0,0.0,0.0,False
200,0.0,0.0,0.7099457893657827,1.0,0.0,False
201,0.0,0.0,0.7099457893657827,1.0,0.0,False
202,0.7099457893657827,1.0,0.0,0.0,0.0,False
203,0.7099457893657827,1.0,0.7099457893657827,1.0,0.5320668439787063,True
204,0.7099457893657827,1.0,0.0,0.0,0.0,False
205,0.7099457893657827,1.0,0.0,0.0,0.0,False
206,0.7099457893657827,1.0,0.7099457893657827,1.0,0.5320668439787063,True
207,0.7099457893657827,1.0,0.7099457893657827,1.0,0.5320668439787063,True
208,0.7099457893657827,1.0,0.7099457893657827,1.0,0.5320668439787063,True
209,0.7099457893657827,1.0,0.7099457893657827,1.0,0.5320668439787063,True
210,0.0,0.0,0.7099457893657827,1.0,0.0,False
211,0.7099457893657827,1.0,0.7099457893657827,1.0,0.5320668439787063,True
212,0.7099457893657827,1.0,0.7099457893657827,1.0,0.5320668439787063,True
213,0.0,0.0,0.0,0.0,0.0,False
214,0.0,0.0,0.7099457893657827,1.0,0.0,False
215,0.0,0.0,0.7099457893657827,1.0,0.0,False
216,0.7099457893657827,1.0,0.7099457893657827,1.0,0.5320668439787063,True
217,0.7099457893657827,1.0,0.7099457893657827,1.0,0.5320668439787063,True
218,0.0,0.0,0.7099457893657827,1.0,0.0,False
219,0.7099457893657827,1.0,0.7099457893657827,1.0,0.5320668439787063,True
220,0.7099457893657827,1.0,0.7099457893657827,1.0,0.5320668439787063,True
221,0.7099457893657827,1.0,0.0,0.0,0.0,False
222,0.7099457893657827,1.0,0.7099457893657827,1.0,0.5320668439787063,True
223,0.0,0.0,0.0,0.0,0.0,False
224,0.7099457893657827,1.0,0.7099457893657827,1.0,0.5320668439787063,True
225,0.0,0.0,0.7099457893657827,1.0,0.0,False
226,0.7099457893657827,1.0,0.0,0.0,0.0,False
227,0.7099457893657827,1.0,0.7099457893657827,1.0,0.5320668439787063,True
228,0.7099457893657827,1.0,0.0,0.0,0.0,False
229,0.7099457893657827,1.0,0.7099457893657827,1.0,0.5320668439787063,True
230,0.7099457893657827,1.0,0.7099457893657827,1.0,0.5320668439787063,True
231,0.7099457893657827,1.0,0.0,0.0,0.0,False
232,0.0,0.0,0.7099457893657827,1.0,0.0,False
233,0.7099457893657827,1.0,0.7099457893657827,1.0,0.5320668439787063,True
234,0.0,0.0,0.7099457893657827,1.0,0.0,False
235,0.0,0.0,0.7099457893657827,1.0,0.0,False
236,0.7099457893657827,1.0,0.7099457893657827,1.0,0.5320668439787063,True
237,0.0,0.0,0.7099457893657827,1.0,0.0,False
238,0.7099457893657827,1.0,0.7099457893657827,1.0,0.5320668439787063,True
239,0.7099457893657827,1.0,0.7099457893657827,1.0,0.5320668439787063,True
240,0.0,0.0,0.7099457893657827,1.0,0.0,False
241,0.0,0.0,0.0,0.0,0.0,False
242,0.7099457893657827,1.0,0.0,0.0,0.0,False
243,0.7099457893657827,1.0,0.7099457893657827,1.0,0.5320668439787063,True
244,0.7099457893657827,1.0,0.0,0.0,0.0,False
245,0.0,0.0,0.7099457893657827,1.0,0.0,False
246,0.7099457893657827,1.0,0.7099457893657827,1.0,0.5320668439787063,True
247,0.7099457893657827,1.0,0.7099457893657827,1.0,0.5320668439787063,True
248,0.7099457893657827,1.0,0.7099457893657827,1.0,0.5320668439787063,True
249,0.7099457893657827,1.0,0.7099457893657827,1.0,0.5320668439787063,True
250,0.7099457893657827,1.0,0.7099457893657827,1.0,0.5320668439787063,True
251,0.0,0.0,0.7099457893657827,1.0,0.0,False
252,0.7099457893657827,1.0,0.7099457893657827,1.0,0.5320668439787063,True
253,0.7099457893657827,1.0,0.7099457893657827,1.0,0.5320668439787063,True
254,0.7099457893657827,1.0,0.7099457893657827,1.0,0.5320668439787063,True
255,0.0,0.0,0.0,0.0,0.0,False
256,0.0,0.0,0.7099457893657827,1.0,0.0,False
257,0.7099457893657827,1.0,0.7099457893657827,1.0,0.5320668439787063,True
258,0.7099457893657827,1.0,0.7099457893657827,1.0,0.5320668439787063,True
259,0.7099457893657827,1.0,0.7099457893657827,1.0,0.5320668439787063,True
260,0.7099457893657827,1.0,0.7099457893657827,1.0,0.5320668439787063,True
261,0.0,0.0,0.0,0.0,0.0,False
262,0.7099457893657827,1.0,0.7099457893657827,1.0,0.5320668439787063,True
263,0.7099457893657827,1.0,0.7099457893657827,1.0,0.5320668439787063,True
264,0.0,0.0,0.0,0.0,0.0,False
265,0.7099457893657827,1.0,0.7099457893657827,1.0,0.5320668439787063,True
266,0.7099457893657827,1.0,0.7099457893657827,1.0,0.5320668439787063,True
267,0.7099457893657827,1.0,0.7099457893657827,1.0,0.5320668439787063,True
268,0.7099457893657827,1.0,0.7099457893657827,1.0,0.5320668439787063,True
269,0.7099457893657827,1.0,0.7099457893657827,1.0,0.5320668439787063,True
270,0.7099457893657827,1.0,0.0,0.0,0.0,False
271,0.7099457893657827,1.0,0.7099457893657827,1.0,0.5320668439787063,True
272,0.7099457893657827,1.0,0.0,0.0,0.0,False
273,0.7099457893657827,1.0,0.0,0.0,0.0,False
274,0.7099457893657827,1.0,0.7099457893657827,1.0,0.5320668439787063,True
275,0.7099457893657827,1.0,0.0,0.0,0.0,False
276,0.7099457893657827,1.0,0.7099457893657827,1.0,0.5320668439787063,True
277,0.7099457893657827,1.0,0.7099457893657827,1.0,0.5320668439787063,True
278,0.0,0.0,0.7099457893657827,1.0,0.0,False
279,0.0,0.0,0.7099457893657827,1.0,0.0,False
280,0.7099457893657827,1.0,0.7099457893657827,1.0,0.5320668439787063,True
281,0.7099457893657827,1.0,0.0,0.0,0.0,False
282,0.7099457893657827,1.0,0.7099457893657827,1.0,0.5320668439787063,True
283,0.7099457893657827,1.0,0.0,0.0,0.0,False
284,0.7099457893657827,1.0,0.7099457893657827,1.0,0.5320668439787063,True
285,0.7099457893657827,1.0,0.7099457893657827,1.0,0.5320668439787063,True
286,0.7099457893657827,1.0,0.7099457893657827,1.0,0.5320668439787063,True
287,0.7099457893657827,1.0,0.7099457893657827,1.0,0.5320668439787063,True
288,0.7099457893657827,1.0,0.0,0.0,0.0,False
289,0.7099457893657827,1.0,0.0,0.0,0.0,False
290,0.0,0.0,0.7099457893657827,1.0,0.0,False
291,0.7099457893657827,1.0,0.7099457893657827,1.0,0.5320668439787063,True
292,0.0,0.0,0.7099457893657827,1.0,0.0,False
293,0.7099457893657827,1.0,0.7099457893657827,1.0,0.5320668439787063,True
294,0.0,0.0,0.7099457893657827,1.0,0.0,False
295,0.0,0.0,0.0,0.0,0.0,False
296,0.0,0.0,0.7099457893657827,1.0,0.0,False
297,0.0,0.0,0.7099457893657827,1.0,0.0,False
298,0.0,0.0,0.0,0.0,0.0,False
299,0.7099457893657827,1.0,0.0,0.0,0.0,False
