round,action,predicted_effective_fidelity,F_before,F_after,channel_available,purified
0,HALT,0.6384156346321106,0.6526080068624829,,True,False
1,HALT,0.6493892073631287,0.6586863033355742,,True,False
2,PURIFY,0.6573131680488586,0.664518601241958,0.6956743982198429,True,True
3,HALT,0.6461564898490906,0.0,,False,False
4,PURIFY,0.663059413433075,0.6712347565107456,0.7032831569386822,True,True
5,HALT,0.6492480039596558,0.6617573953187404,,True,False
6,PURIFY,0.6513855457305908,0.6679005306966354,0.6995118621619046,True,True
7,PURIFY,0.6563372611999512,0.0,,False,False
8,PURIFY,0.6726494431495667,0.6803912914250517,0.7135768447078024,True,True
9,PURIFY,0.6696258783340454,0.0,,False,False
10,PURIFY,0.6811098456382751,0.6910940089950622,0.7254871703973899,True,True
11,PURIFY,0.6640260219573975,0.0,,False,False
12,PURIFY,0.6669406890869141,0.6848414328761865,0.7185453323403068,True,True
13,PURIFY,0.654746413230896,0.6775842427724739,0.7104311791007851,True,True
14,PURIFY,0.6566691994667053,0.6791239358846646,0.7121577140053444,True,True
15,PURIFY,0.6650276780128479,0.6834638103593922,0.7170096888673362,True,True
16,PURIFY,0.6733914017677307,0.6869815938001497,0.72092659669543,True,True
17,PURIFY,0.6676433086395264,0.6870245736702605,0.7209743636162795,True,True
18,PURIFY,0.6559432744979858,0.6791269478951332,0.7121610888919346,True,True
19,HALT,0.6405295133590698,0.0,,False,False
20,PURIFY,0.6575492024421692,0.0,,False,False
21,PURIFY,0.681584358215332,0.7026498561888009,0.738193317408621,True,True
22,PURIFY,0.6678764224052429,0.0,,False,False
23,PURIFY,0.6618234515190125,0.0,,False,False
24,PURIFY,0.6576878428459167,0.0,,False,False
25,PURIFY,0.6616271734237671,0.0,,False,False
26,HALT,0.6472996473312378,0.0,,False,False
27,HALT,0.646731972694397,0.6835628020303924,,True,False
28,PURIFY,0.6623123288154602,0.6798723263685086,0.7129959508785085,True,True
29,PURIFY,0.6640377044677734,0.681724073922592,0.7150672594175963,True,True
30,PURIFY,0.6540166139602661,0.0,,False,False
31,PURIFY,0.6611748337745667,0.6759252666515642,0.7085678956417184,True,True
32,HALT,0.6493614315986633,0.0,,False,False
33,PURIFY,0.6558728814125061,0.6645310273782254,0.6956885203647277,True,True
34,PURIFY,0.6522281765937805,0.6537904087789221,0.683422280274502,True,True
35,HALT,0.6433762311935425,0.655924729915121,,True,False
36,HALT,0.6492965817451477,0.6584045798744486,,True,False
37,PURIFY,0.6552583575248718,0.0,,False,False
38,HALT,0.6463779211044312,0.6581665766127215,,True,False
39,HALT,0.6291282773017883,0.6336288274528562,,True,False
40,HALT,0.6158801317214966,0.6095113540835736,,True,False
41,HALT,0.6344724893569946,0.0,,False,False
42,HALT,0.6335070729255676,0.6430360330298661,,True,False
43,HALT,0.6441428661346436,0.0,,False,False
44,HALT,0.6358396410942078,0.0,,False,False
45,HALT,0.6312820911407471,0.6503788284722322,,True,False
46,HALT,0.649211585521698,0.6653895755059022,,True,False
47,HALT,0.6433541774749756,0.0,,False,False
48,HALT,0.6427395939826965,0.0,,False,False
49,HALT,0.638909101486206,0.6528851306286728,,True,False
50,HALT,0.6405299305915833,0.6598558863373467,,True,False
51,HALT,0.6452941298484802,0.6647043810398299,,True,False
52,HALT,0.640683650970459,0.0,,False,False
53,HALT,0.6314982175827026,0.0,,False,False
54,HALT,0.6376268863677979,0.6555795404544517,,True,False
55,HALT,0.629236102104187,0.0,,False,False
56,HALT,0.6366837024688721,0.6440995238489539,,True,False
57,HALT,0.6265202760696411,0.6347803973168722,,True,False
58,HALT,0.6338545083999634,0.6489041760077634,,True,False
59,HALT,0.6455488801002502,0.6520228992756014,,True,False
60,HALT,0.6315407752990723,0.6470910924106686,,True,False
61,HALT,0.623515248298645,0.6349408527314003,,True,False
62,HALT,0.6266132593154907,0.6411310605142787,,True,False
63,HALT,0.6375172138214111,0.0,,False,False
64,HALT,0.632541298866272,0.6646468529279558,,True,False
65,HALT,0.6428868770599365,0.6649818889218019,,True,False
66,HALT,0.646399974822998,0.6649158021877942,,True,False
67,HALT,0.6425204277038574,0.0,,False,False
68,HALT,0.6377771496772766,0.6542476215702757,,True,False
69,HALT,0.6371774673461914,0.6602035279252134,,True,False
70,HALT,0.6309407353401184,0.0,,False,False
71,HALT,0.6171545386314392,0.6365269048864935,,True,False
72,HALT,0.623526930809021,0.6368520896020823,,True,False
73,HALT,0.6195418238639832,0.635611412555482,,True,False
74,HALT,0.6223974227905273,0.6364972039269783,,True,False
75,HALT,0.6352051496505737,0.0,,False,False
76,HALT,0.6148886680603027,0.6310102832109947,,True,False
77,HALT,0.6247689723968506,0.6376210475713868,,True,False
78,HALT,0.6423385739326477,0.0,,False,False
79,HALT,0.6369760632514954,0.0,,False,False
80,HALT,0.6449121236801147,0.6580444459904221,,True,False
81,PURIFY,0.6542479991912842,0.6612271518085249,0.6919279982641866,True,True
82,PURIFY,0.6505957245826721,0.6614602142742898,0.6921936472288446,True,True
83,HALT,0.6481266021728516,0.0,,False,False
84,HALT,0.6115655303001404,0.6058069003681035,,True,False
85,HALT,0.6162516474723816,0.6146723447518294,,True,False
86,HALT,0.6265774965286255,0.0,,False,False
87,HALT,0.6273889541625977,0.6492142083227821,,True,False
88,HALT,0.6342645883560181,0.6580534742384317,,True,False
89,HALT,0.6381452083587646,0.6565596101349302,,True,False
90,HALT,0.6328927278518677,0.0,,False,False
91,HALT,0.6270452737808228,0.0,,False,False
92,HALT,0.6238089203834534,0.0,,False,False
93,HALT,0.6197723150253296,0.6373577356152843,,True,False
94,HALT,0.6244834065437317,0.6368974434149457,,True,False
95,HALT,0.6208295822143555,0.6266848050791082,,True,False
96,HALT,0.6271974444389343,0.6409551366271132,,True,False
97,HALT,0.6284517645835876,0.6424999685484026,,True,False
98,HALT,0.6259461045265198,0.6362217858439947,,True,False
99,HALT,0.639712929725647,0.6529899726000671,,True,False
100,HALT,0.6365245580673218,0.0,,False,False
101,HALT,0.6472687125205994,0.0,,False,False
102,HALT,0.646660327911377,0.668326480535091,,True,False
103,HALT,0.647240161895752,0.0,,False,False
104,HALT,0.6436338424682617,0.0,,False,False
105,HALT,0.6493505835533142,0.657340900794886,,True,False
106,PURIFY,0.6569210886955261,0.6673547772046124,0.6988934241659216,True,True
107,HALT,0.6426476240158081,0.0,,False,False
108,HALT,0.6484715938568115,0.6651982951132394,,True,False
109,PURIFY,0.6597833037376404,0.6688930577045546,0.7006357542074974,True,True
110,PURIFY,0.6612369418144226,0.6643753835647704,0.6955116213908094,True,True
111,PURIFY,0.651326060295105,0.6544380681776883,0.6841652542405732,True,True
112,PURIFY,0.6525056958198547,0.6673306788783576,0.6988661090079262,True,True
113,PURIFY,0.656423032283783,0.6701633023800708,0.7020725667871485,True,True
114,PURIFY,0.6617279648780823,0.6808752946868015,0.7141183276217152,True,True
115,PURIFY,0.6561136841773987,0.0,,False,False
116,PURIFY,0.6626603603363037,0.6732610496641488,0.7055691406826414,True,True
117,PURIFY,0.6627827286720276,0.670693705006149,0.7026720025299283,True,True
118,HALT,0.6443849205970764,0.0,,False,False
119,HALT,0.6476200222969055,0.6593649725245043,,True,False
120,PURIFY,0.6553518772125244,0.6697516863554484,0.7016071670288664,True,True
121,HALT,0.6423326134681702,0.6639545392276676,,True,False
122,HALT,0.6455011963844299,0.6585549226691415,,True,False
123,HALT,0.6441582441329956,0.6603232676084546,,True,False
124,HALT,0.6292708516120911,0.6455616972600119,,True,False
125,HALT,0.6286890506744385,0.6460821668751953,,True,False
126,HALT,0.6420407891273499,0.6581100211252578,,True,False
127,HALT,0.6339809894561768,0.6560927176235172,,True,False
128,HALT,0.6472432613372803,0.0,,False,False
129,PURIFY,0.6546351909637451,0.6665440878672788,0.697974176287265,True,True
130,PURIFY,0.6548305749893188,0.0,,False,False
131,PURIFY,0.6647489070892334,0.6793543001926002,0.7124158020331555,True,True
132,PURIFY,0.6584230065345764,0.6696647487622481,0.7015088462094976,True,True
133,HALT,0.6403122544288635,0.0,,False,False
134,HALT,0.6373352408409119,0.0,,False,False
135,HALT,0.641075611114502,0.0,,False,False
136,HALT,0.6401048302650452,0.6516749110666704,,True,False
137,HALT,0.6300587058067322,0.6425470479237515,,True,False
138,HALT,0.6470175981521606,0.0,,False,False
139,PURIFY,0.6542792916297913,0.660995722176702,0.6916641546765389,True,True
140,HALT,0.6414061188697815,0.0,,False,False
141,HALT,0.6389191150665283,0.0,,False,False
142,HALT,0.641749382019043,0.0,,False,False
143,HALT,0.6476565599441528,0.0,,False,False
144,PURIFY,0.6578221321105957,0.666365242221546,0.6977712870152386,True,True
145,PURIFY,0.6513652205467224,0.0,,False,False
146,HALT,0.6409460306167603,0.6516441565273589,,True,False
147,PURIFY,0.6594086289405823,0.6741238125988056,0.7065411015452263,True,True
148,HALT,0.648607611656189,0.6621492990296662,,True,False
149,PURIFY,0.6570472717285156,0.0,,False,False
150,PURIFY,0.6503118276596069,0.6719462211269394,0.7040863170507675,True,True
151,HALT,0.6352160573005676,0.6525517253311814,,True,False
152,HALT,0.6340430974960327,0.0,,False,False
153,HALT,0.6380449533462524,0.0,,False,False
154,HALT,0.6460437178611755,0.0,,False,False
155,PURIFY,0.6500481963157654,0.6561597844751935,0.686138314279921,True,True
156,HALT,0.6467529535293579,0.0,,False,False
157,HALT,0.639155387878418,0.6484541837136786,,True,False
158,HALT,0.6465144753456116,0.6488007892538087,,True,False
159,HALT,0.6429596543312073,0.0,,False,False
160,HALT,0.6444698572158813,0.6513967921734443,,True,False
161,PURIFY,0.6500820517539978,0.6613024092257471,0.6920137842417142,True,True
162,HALT,0.6369653344154358,0.6509185809921169,,True,False
163,HALT,0.6321197152137756,0.6396284663503856,,True,False
164,HALT,0.629608690738678,0.0,,False,False
165,HALT,0.6369631886482239,0.6506520445373848,,True,False
166,HALT,0.6400741338729858,0.659591269684387,,True,False
167,HALT,0.6456445455551147,0.6549805581481448,,True,False
168,HALT,0.6487656831741333,0.0,,False,False
169,HALT,0.6479781866073608,0.655124261598107,,True,False
170,HALT,0.6456223726272583,0.6534374359250352,,True,False
171,HALT,0.6321862936019897,0.0,,False,False
172,HALT,0.6243507862091064,0.0,,False,False
173,HALT,0.6309698224067688,0.0,,False,False
174,HALT,0.6273404955863953,0.6409144130124238,,True,False
175,HALT,0.6282114386558533,0.0,,False,False
176,HALT,0.6194729208946228,0.6483369852790619,,True,False
177,HALT,0.6288740634918213,0.6583378232442679,,True,False
178,HALT,0.6343801617622375,0.6384073751575816,,True,False
179,HALT,0.6456169486045837,0.6583934122963053,,True,False
180,HALT,0.6418506503105164,0.0,,False,False
181,HALT,0.6433748602867126,0.0,,False,False
182,HALT,0.6439552903175354,0.658956439055708,,True,False
183,HALT,0.6477699875831604,0.0,,False,False
184,PURIFY,0.6546658277511597,0.6723726771057152,0.7045674696399601,True,True
185,PURIFY,0.650809109210968,0.6644686879028725,0.6956176707051609,True,True
186,PURIFY,0.6590014100074768,0.67283929428741,0.7050937052545772,True,True
187,PURIFY,0.6526544094085693,0.6682973240895712,0.6999613002085308,True,True
188,PURIFY,0.6563675999641418,0.6642254192243777,0.6953411533058645,True,True
189,PURIFY,0.6544234752655029,0.6654048773338609,0.6966812299225218,True,True
190,HALT,0.6419074535369873,0.6490632765013636,,True,False
191,HALT,0.6373987793922424,0.64852451368597,,True,False
192,HALT,0.6317984461784363,0.6377608052724424,,True,False
193,HALT,0.6419230103492737,0.0,,False,False
194,HALT,0.6221503615379333,0.0,,False,False
195,HALT,0.6179161071777344,0.6245978188881058,,True,False
196,HALT,0.64312744140625,0.6579818126710629,,True,False
197,HALT,0.6235714554786682,0.0,,False,False
198,HALT,0.6413395404815674,0.6611213595318762,,True,False
199,HALT,0.6415290236473083,0.0,,False,False
200,PURIFY,0.6522408127784729,0.6679402887088164,0.699556902716201,True,True
201,PURIFY,0.6525861620903015,0.0,,False,False
202,PURIFY,0.6604516506195068,0.6829807752832754,0.7164707264306215,True,True
203,PURIFY,0.6540854573249817,0.6777540588052565,0.7106217337779479,True,True
204,HALT,0.6485141515731812,0.6675688558936147,,True,False
205,PURIFY,0.6634405255317688,0.676726341376305,0.7094680107433218,True,True
206,HALT,0.6425065398216248,0.6592525713770095,,True,False
207,PURIFY,0.6510165929794312,0.6663229832516072,0.6977233418543117,True,True
208,HALT,0.6489548087120056,0.0,,False,False
209,HALT,0.6489784717559814,0.0,,False,False
210,HALT,0.6419885754585266,0.0,,False,False
211,HALT,0.6457107663154602,0.0,,False,False
212,HALT,0.6481346487998962,0.0,,False,False
213,HALT,0.6429831981658936,0.6486007020675542,,True,False
214,PURIFY,0.6528088450431824,0.6670480505666778,0.6985457068173934,True,True
215,HALT,0.6496863961219788,0.6596078702184303,,True,False
216,HALT,0.6311450600624084,0.6439944539169249,,True,False
217,HALT,0.6318608522415161,0.0,,False,False
218,HALT,0.6336521506309509,0.6524987789195896,,True,False
219,HALT,0.6448636054992676,0.0,,False,False
220,HALT,0.64017653465271,0.0,,False,False
221,HALT,0.630218505859375,0.0,,False,False
222,HALT,0.6484452486038208,0.6677981673509201,,True,False
223,PURIFY,0.6514090299606323,0.6621041806390355,0.6929273586019676,True,True
224,PURIFY,0.6579732894897461,0.6632986702744676,0.6942871699251411,True,True
225,HALT,0.6488069295883179,0.658633824270174,,True,False
226,HALT,0.6492242813110352,0.6563377013096866,,True,False
227,PURIFY,0.6527474522590637,0.0,,False,False
228,HALT,0.6471332907676697,0.6557687653981218,,True,False
229,PURIFY,0.6575841903686523,0.6646807063563651,0.6958586157882453,True,True
230,HALT,0.6435204744338989,0.6525100911201472,,True,False
231,PURIFY,0.6532899141311646,0.658932877411541,0.689309945465385,True,True
232,HALT,0.6499695777893066,0.0,,False,False
233,PURIFY,0.6519071459770203,0.0,,False,False
234,HALT,0.6467443704605103,0.0,,False,False
235,HALT,0.6377518177032471,0.6548391598229019,,True,False
236,HALT,0.6440595984458923,0.0,,False,False
237,HALT,0.644076406955719,0.0,,False,False
238,PURIFY,0.6520707011222839,0.0,,False,False
239,PURIFY,0.6505419015884399,0.0,,False,False
240,HALT,0.6397542953491211,0.650921779822465,,True,False
241,HALT,0.641105592250824,0.6568259287194875,,True,False
242,HALT,0.6473196744918823,0.0,,False,False
243,HALT,0.6471217274665833,0.0,,False,False
244,HALT,0.6464611291885376,0.0,,False,False
245,HALT,0.6304129362106323,0.6379178791461804,,True,False
246,HALT,0.6334778070449829,0.6418818787370165,,True,False
247,HALT,0.6180832386016846,0.6121972587803846,,True,False
248,HALT,0.6280604004859924,0.6243274974641362,,True,False
249,HALT,0.6206260919570923,0.0,,False,False
250,HALT,0.6197667121887207,0.623090672625437,,True,False
251,HALT,0.6256103515625,0.6349452960364608,,True,False
252,HALT,0.6312013268470764,0.6434712076379179,,True,False
253,HALT,0.627305269241333,0.0,,False,False
254,HALT,0.6319661736488342,0.0,,False,False
255,PURIFY,0.6501705050468445,0.6571941382346053,0.6873222339590566,True,True
256,PURIFY,0.658711850643158,0.6709162878541399,0.7029234636799531,True,True
257,HALT,0.6447489261627197,0.0,,False,False
258,HALT,0.6442904472351074,0.6605230347908966,,True,False
259,PURIFY,0.6619139909744263,0.6742268695151142,0.7066571470017886,True,True
260,HALT,0.6499584317207336,0.0,,False,False
261,HALT,0.6334028244018555,0.654027135096777,,True,False
262,HALT,0.6406857371330261,0.0,,False,False
263,HALT,0.6334623098373413,0.6559047585601034,,True,False
264,HALT,0.6328240633010864,0.6482846404134608,,True,False
265,HALT,0.6410627961158752,0.0,,False,False
266,HALT,0.6176086664199829,0.0,,False,False
267,HALT,0.6427006721496582,0.675856576260766,,True,False
268,PURIFY,0.6530104279518127,0.0,,False,False
269,HALT,0.6414012312889099,0.6737622245785222,,True,False
270,HALT,0.6286545395851135,0.6558667508981222,,True,False
271,HALT,0.6394948959350586,0.0,,False,False
272,HALT,0.6478786468505859,0.6839805670397564,,True,False
273,PURIFY,0.6635160446166992,0.6899064768670492,0.7241722825917457,True,True
274,PURIFY,0.669075071811676,0.6948995413348905,0.7296894493662097,True,True
275,PURIFY,0.6608420014381409,0.0,,False,False
276,PURIFY,0.6743876338005066,0.6909683230426965,0.725348084869021,True,True
277,PURIFY,0.6604291796684265,0.0,,False,False
278,PURIFY,0.6629319787025452,0.0,,False,False
279,PURIFY,0.663362979888916,0.6886123606224592,0.7227374732628349,True,True
280,PURIFY,0.6690017580986023,0.694105731526533,0.72881431938923,True,True
281,PURIFY,0.6659770011901855,0.695871781384155,0.730760249126473,True,True
282,PURIFY,0.6561712026596069,0.6862510559387606,0.7201143609519353,True,True
283,PURIFY,0.6594130396842957,0.0,,False,False
284,PURIFY,0.664262056350708,0.6823580268722088,0.7157754767537806,True,True
285,PURIFY,0.6589648723602295,0.0,,False,False
286,PURIFY,0.6733261942863464,0.6806470106384325,0.7138629661898004,True,True
287,PURIFY,0.6615138649940491,0.0,,False,False
288,HALT,0.6466783285140991,0.0,,False,False
289,HALT,0.6335249543190002,0.0,,False,False
290,HALT,0.6366769671440125,0.6489452192898472,,True,False
291,HALT,0.6316325068473816,0.6347803184220362,,True,False
292,HALT,0.6215483546257019,0.0,,False,False
293,HALT,0.6229921579360962,0.6385746053542881,,True,False
294,HALT,0.6428064107894897,0.0,,False,False
295,HALT,0.6442154049873352,0.0,,False,False
296,PURIFY,0.6521430015563965,0.6673806110376145,0.6989227058079054,True,True
297,PURIFY,0.6594470143318176,0.0,,False,False
298,PURIFY,0.663672685623169,0.0,,False,False
299,PURIFY,0.6609520316123962,0.0,,False,False
