action,true_fidelity,useful
PURIFY,0.0,False
PURIFY,0.0,False
PURIFY,0.0,False
PURIFY,0.0,False
PURIFY,0.0,False
PURIFY,0.6551382541656494,True
PURIFY,0.6566768884658813,True
PURIFY,0.6589993834495544,True
PURIFY,0.657708466053009,True
PURIFY,0.6660698056221008,True
PURIFY,0.6659272909164429,True
PURIFY,0.0,False
PURIFY,0.0,False
PURIFY,0.6704272031784058,True
PURIFY,0.0,False
PURIFY,0.6337743997573853,True
PURIFY,0.6104987859725952,False
PURIFY,0.6273341178894043,True
PURIFY,0.6624448299407959,True
PURIFY,0.0,False
PURIFY,0.669040322303772,True
PURIFY,0.6649130582809448,True
PURIFY,0.0,False
PURIFY,0.6531630158424377,True
PURIFY,0.0,False
PURIFY,0.0,False
PURIFY,0.6409298777580261,True
PURIFY,0.6510708928108215,True
PURIFY,0.643488883972168,True
PURIFY,0.0,False
PURIFY,0.6523257493972778,True
PURIFY,0.6516592502593994,True
PURIFY,0.0,False
PURIFY,0.0,False
PURIFY,0.0,False
PURIFY,0.0,False
PURIFY,0.640413224697113,True
PURIFY,0.6434772610664368,True
PURIFY,0.6423082947731018,True
PURIFY,0.6457064747810364,True
PURIFY,0.6410958766937256,True
PURIFY,0.0,False
PURIFY,0.6423133015632629,True
PURIFY,0.6377044320106506,True
PURIFY,0.6379880309104919,True
PURIFY,0.0,False
PURIFY,0.0,False
PURIFY,0.0,False
PURIFY,0.6410676836967468,True
PURIFY,0.64210045337677,True
PURIFY,0.6415264010429382,True
PURIFY,0.6407220959663391,True
PURIFY,0.0,False
PURIFY,0.6319923996925354,True
PURIFY,0.0,False
PURIFY,0.6542728543281555,True
PURIFY,0.0,False
PURIFY,0.6544315218925476,True
PURIFY,0.6546903252601624,True
PURIFY,0.0,False
PURIFY,0.6577315926551819,True
PURIFY,0.6637425422668457,True
PURIFY,0.0,False
PURIFY,0.6591103076934814,True
PURIFY,0.0,False
PURIFY,0.6495792269706726,True
PURIFY,0.6600360870361328,True
PURIFY,0.6512342095375061,True
PURIFY,0.0,False
PURIFY,0.6491196155548096,True
PURIFY,0.0,False
PURIFY,0.6007039546966553,False
PURIFY,0.0,False
PURIFY,0.5909827351570129,False
PURIFY,0.0,False
PURIFY,0.5967196822166443,False
PURIFY,0.6389264464378357,True
PURIFY,0.6530936360359192,True
PURIFY,0.6517806053161621,True
PURIFY,0.0,False
PURIFY,0.0,False
PURIFY,0.6614571809768677,True
PURIFY,0.6582871079444885,True
PURIFY,0.0,False
PURIFY,0.6625075936317444,True
PURIFY,0.6549556851387024,True
PURIFY,0.0,False
PURIFY,0.6521902680397034,True
PURIFY,0.6490167379379272,True
PURIFY,0.664531946182251,True
PURIFY,0.660108745098114,True
PURIFY,0.6691313982009888,True
PURIFY,0.6703550219535828,True
PURIFY,0.6673930287361145,True
PURIFY,0.6592385768890381,True
PURIFY,0.6515759825706482,True
PURIFY,0.0,False
PURIFY,0.6543673872947693,True
PURIFY,0.6433680057525635,True
PURIFY,0.6281538605690002,True
PURIFY,0.0,False
PURIFY,0.5704136490821838,False
PURIFY,0.0,False
PURIFY,0.5740212202072144,False
PURIFY,0.6214553117752075,False
PURIFY,0.0,False
PURIFY,0.0,False
PURIFY,0.6508329510688782,True
PURIFY,0.6590754985809326,True
PURIFY,0.0,False
PURIFY,0.0,False
PURIFY,0.6300367116928101,True
PURIFY,0.6393960118293762,True
PURIFY,0.6477416753768921,True
PURIFY,0.629464328289032,True
PURIFY,0.0,False
PURIFY,0.6358292698860168,True
PURIFY,0.0,False
PURIFY,0.6502108573913574,True
PURIFY,0.0,False
PURIFY,0.6457793116569519,True
PURIFY,0.0,False
PURIFY,0.631462037563324,True
PURIFY,0.0,False
PURIFY,0.0,False
PURIFY,0.0,False
PURIFY,0.6496385931968689,True
PURIFY,0.0,False
PURIFY,0.6475605368614197,True
PURIFY,0.6601517200469971,True
PURIFY,0.6579603552818298,True
PURIFY,0.0,False
PURIFY,0.0,False
PURIFY,0.6545365452766418,True
PURIFY,0.6490015387535095,True
PURIFY,0.6360207200050354,True
PURIFY,0.0,False
PURIFY,0.0,False
PURIFY,0.0,False
PURIFY,0.0,False
PURIFY,0.0,False
PURIFY,0.6700901985168457,True
PURIFY,0.0,False
PURIFY,0.6781252026557922,True
PURIFY,0.6755973100662231,True
PURIFY,0.6731234788894653,True
PURIFY,0.6804196238517761,True
PURIFY,0.6801658868789673,True
PURIFY,0.6697900295257568,True
PURIFY,0.0,False
PURIFY,0.6520220041275024,True
PURIFY,0.0,False
PURIFY,0.6254924535751343,True
PURIFY,0.0,False
PURIFY,0.6130436658859253,False
PURIFY,0.6229901909828186,False
PURIFY,0.0,False
PURIFY,0.5710824131965637,False
PURIFY,0.0,False
PURIFY,0.0,False
PURIFY,0.0,False
PURIFY,0.0,False
PURIFY,0.6165372729301453,False
PURIFY,0.0,False
PURIFY,0.0,False
PURIFY,0.6522510647773743,True
PURIFY,0.0,False
PURIFY,0.6213247179985046,False
PURIFY,0.0,False
PURIFY,0.0,False
PURIFY,0.0,False
PURIFY,0.0,False
PURIFY,0.6274264454841614,True
PURIFY,0.0,False
PURIFY,0.6221910119056702,False
PURIFY,0.6322342753410339,True
PURIFY,0.0,False
PURIFY,0.6412011981010437,True
PURIFY,0.6674623489379883,True
PURIFY,0.6660346388816833,True
PURIFY,0.6593737602233887,True
PURIFY,0.6641547083854675,True
PURIFY,0.4326036274433136,False
PURIFY,0.0,False
PURIFY,0.6329762935638428,True
PURIFY,0.6289473176002502,True
PURIFY,0.3558093011379242,False
PURIFY,0.5828894972801208,False
PURIFY,0.5624579191207886,False
PURIFY,0.0,False
PURIFY,0.5721601247787476,False
PURIFY,0.5976759791374207,False
PURIFY,0.5882850885391235,False
PURIFY,0.5911493897438049,False
PURIFY,0.0,False
PURIFY,0.5712811350822449,False
PURIFY,0.5948747992515564,False
PURIFY,0.6176527142524719,False
PURIFY,0.6203025579452515,False
PURIFY,0.0,False
PURIFY,0.6217114329338074,False
PURIFY,0.0,False
PURIFY,0.6233862638473511,False
PURIFY,0.6501137018203735,True
PURIFY,0.6567878127098083,True
PURIFY,0.0,False
PURIFY,0.0,False
PURIFY,0.0,False
PURIFY,0.0,False
PURIFY,0.0,False
PURIFY,0.6114392876625061,False
PURIFY,0.6304206252098083,True
PURIFY,0.0,False
PURIFY,0.6470208168029785,True
PURIFY,0.6513423919677734,True
PURIFY,0.36376774311065674,False
PURIFY,0.6633089184761047,True
PURIFY,0.6620761752128601,True
PURIFY,0.6715479493141174,True
PURIFY,0.0,False
PURIFY,0.656213641166687,True
PURIFY,0.6511942148208618,True
PURIFY,0.6554210782051086,True
PURIFY,0.6547654867172241,True
PURIFY,0.0,False
PURIFY,0.6036401391029358,False
PURIFY,0.6407961845397949,True
PURIFY,0.629604697227478,True
PURIFY,0.6456848978996277,True
PURIFY,0.6596041917800903,True
PURIFY,0.0,False
PURIFY,0.6598535180091858,True
PURIFY,0.6654423475265503,True
PURIFY,0.0,False
PURIFY,0.6672531366348267,True
PURIFY,0.6570690870285034,True
PURIFY,0.0,False
PURIFY,0.6369720697402954,True
PURIFY,0.0,False
PURIFY,0.0,False
PURIFY,0.0,False
PURIFY,0.0,False
PURIFY,0.6509257555007935,True
PURIFY,0.6433968544006348,True
PURIFY,0.6554346680641174,True
PURIFY,0.0,False
PURIFY,0.0,False
PURIFY,0.6699391603469849,True
PURIFY,0.0,False
PURIFY,0.6478824019432068,True
PURIFY,0.0,False
PURIFY,0.646757960319519,True
PURIFY,0.6386587023735046,True
PURIFY,0.6540318727493286,True
PURIFY,0.0,False
PURIFY,0.6573364734649658,True
PURIFY,0.647208034992218,True
PURIFY,0.0,False
PURIFY,0.0,False
PURIFY,0.6370119452476501,True
PURIFY,0.6419365406036377,True
PURIFY,0.6442983150482178,True
PURIFY,0.6274082064628601,True
PURIFY,0.0,False
PURIFY,0.6259238123893738,True
PURIFY,0.0,False
PURIFY,0.0,False
PURIFY,0.633380651473999,True
PURIFY,0.6313808560371399,True
PURIFY,0.6292303800582886,True
PURIFY,0.0,False
PURIFY,0.0,False
PURIFY,0.634188711643219,True
PURIFY,0.0,False
PURIFY,0.0,False
PURIFY,0.6284082531929016,True
PURIFY,0.6263833045959473,True
PURIFY,0.6287270784378052,True
PURIFY,0.625110387802124,True
PURIFY,0.6051984429359436,False
PURIFY,0.6037735342979431,False
PURIFY,0.0,False
PURIFY,0.0,False
PURIFY,0.583244264125824,False
PURIFY,0.5918177366256714,False
PURIFY,0.6049187779426575,False
PURIFY,0.0,False
PURIFY,0.6331815719604492,True
PURIFY,0.6403028964996338,True
PURIFY,0.0,False
PURIFY,0.6341160535812378,True
PURIFY,0.0,False
PURIFY,0.627511739730835,True
PURIFY,0.6123527884483337,False
PURIFY,0.6192201375961304,False
PURIFY,0.6142405271530151,False
PURIFY,0.0,False
PURIFY,0.0,False
PURIFY,0.5951092839241028,False
PURIFY,0.6253812313079834,True
PURIFY,0.0,False
PURIFY,0.0,False
PURIFY,0.6141554117202759,False
PURIFY,0.0,False
PURIFY,0.6013572216033936,False
PURIFY,0.0,False
PURIFY,0.6111545562744141,False
PURIFY,0.6321483850479126,True
PURIFY,0.6359859704971313,True
PURIFY,0.6388729810714722,True
PURIFY,0.6400970220565796,True
PURIFY,0.6491163372993469,True
PURIFY,0.6547130942344666,True
PURIFY,0.6693531274795532,True
PURIFY,0.6703312397003174,True
PURIFY,0.6795684099197388,True
PURIFY,0.6822324395179749,True
PURIFY,0.0,False
PURIFY,0.0,False
PURIFY,0.6856049299240112,True
PURIFY,0.6790682673454285,True
PURIFY,0.6956172585487366,True
PURIFY,0.0,False
PURIFY,0.0,False
PURIFY,0.682187557220459,True
PURIFY,0.0,False
PURIFY,0.698535144329071,True
PURIFY,0.6858487725257874,True
PURIFY,0.6836534738540649,True
PURIFY,0.6824027895927429,True
PURIFY,0.6831615567207336,True
PURIFY,0.68674236536026,True
PURIFY,0.6899679899215698,True
PURIFY,0.689570426940918,True
PURIFY,0.6804800629615784,True
PURIFY,0.686524510383606,True
PURIFY,0.6886817812919617,True
PURIFY,0.6909798979759216,True
PURIFY,0.693755567073822,True
PURIFY,0.6907752156257629,True
PURIFY,0.6917421817779541,True
PURIFY,0.6853972673416138,True
PURIFY,0.0,False
PURIFY,0.0,False
PURIFY,0.6693353652954102,True
PURIFY,0.6624518036842346,True
PURIFY,0.6715683341026306,True
PURIFY,0.6786088943481445,True
PURIFY,0.0,False
PURIFY,0.0,False
PURIFY,0.6655153036117554,True
PURIFY,0.0,False
PURIFY,0.0,False
PURIFY,0.0,False
PURIFY,0.0,False
PURIFY,0.6650768518447876,True
PURIFY,0.6612393856048584,True
PURIFY,0.0,False
PURIFY,0.0,False
PURIFY,0.0,False
PURIFY,0.0,False
PURIFY,0.6344267129898071,True
PURIFY,0.6282923221588135,True
PURIFY,0.0,False
PURIFY,0.63225257396698,True
PURIFY,0.628807008266449,True
PURIFY,0.0,False
PURIFY,0.61667799949646,False
PURIFY,0.0,False
PURIFY,0.6368816494941711,True
PURIFY,0.0,False
PURIFY,0.65920490026474,True
PURIFY,0.0,False
PURIFY,0.6631363034248352,True
PURIFY,0.6625003218650818,True
PURIFY,0.0,False
PURIFY,0.6563206911087036,True
PURIFY,0.6426683068275452,True
PURIFY,0.6336004734039307,True
PURIFY,0.0,False
PURIFY,0.6380436420440674,True
PURIFY,0.6155702471733093,False
PURIFY,0.640032172203064,True
PURIFY,0.6281472444534302,True
PURIFY,0.6429905891418457,True
PURIFY,0.6651249527931213,True
PURIFY,0.6699829697608948,True
PURIFY,0.6759082078933716,True
PURIFY,0.0,False
PURIFY,0.6630218625068665,True
PURIFY,0.0,False
PURIFY,0.6402385830879211,True
PURIFY,0.0,False
PURIFY,0.6750092506408691,True
PURIFY,0.0,False
PURIFY,0.686720609664917,True
PURIFY,0.6711960434913635,True
PURIFY,0.0,False
PURIFY,0.65513014793396,True
PURIFY,0.6345841884613037,True
PURIFY,0.0,False
PURIFY,0.3588391840457916,False
PURIFY,0.6589950323104858,True
PURIFY,0.5630496144294739,False
PURIFY,0.3580053746700287,False
PURIFY,0.6345198154449463,True
PURIFY,0.6297274827957153,True
PURIFY,0.0,False
PURIFY,0.0,False
PURIFY,0.0,False
PURIFY,0.6554856300354004,True
PURIFY,0.6592521667480469,True
PURIFY,0.6566147208213806,True
PURIFY,0.6737868189811707,True
PURIFY,0.6721677780151367,True
PURIFY,0.6697306036949158,True
PURIFY,0.0,False
PURIFY,0.6726536750793457,True
PURIFY,0.6578004360198975,True
PURIFY,0.0,False
PURIFY,0.6735225915908813,True
PURIFY,0.6687299609184265,True
PURIFY,0.6713847517967224,True
PURIFY,0.0,False
PURIFY,0.0,False
PURIFY,0.6642964482307434,True
PURIFY,0.6508585810661316,True
PURIFY,0.6403759717941284,True
PURIFY,0.0,False
PURIFY,0.6578811407089233,True
PURIFY,0.6627458930015564,True
PURIFY,0.0,False
PURIFY,0.6887668967247009,True
PURIFY,0.0,False
PURIFY,0.0,False
PURIFY,0.6806866526603699,True
PURIFY,0.6713259220123291,True
PURIFY,0.0,False
PURIFY,0.0,False
PURIFY,0.0,False
PURIFY,0.6548557877540588,True
PURIFY,0.6458307504653931,True
PURIFY,0.6427600383758545,True
PURIFY,0.6461987495422363,True
PURIFY,0.0,False
PURIFY,0.6513461470603943,True
PURIFY,0.6409687399864197,True
PURIFY,0.6545289158821106,True
PURIFY,0.6504064202308655,True
PURIFY,0.641577959060669,True
PURIFY,0.0,False
PURIFY,0.0,False
PURIFY,0.0,False
PURIFY,0.618937611579895,False
PURIFY,0.6405578255653381,True
PURIFY,0.0,False
PURIFY,0.0,False
PURIFY,0.0,False
PURIFY,0.6606768369674683,True
PURIFY,0.650500476360321,True
PURIFY,0.6580848097801208,True
PURIFY,0.669894278049469,True
PURIFY,0.6768883466720581,True
PURIFY,0.6766798496246338,True
PURIFY,0.0,False
PURIFY,0.665087878704071,True
PURIFY,0.0,False
PURIFY,0.6795928478240967,True
PURIFY,0.6915051937103271,True
PURIFY,0.6844085454940796,True
PURIFY,0.678432822227478,True
PURIFY,0.6931819319725037,True
PURIFY,0.0,False
PURIFY,0.0,False
PURIFY,0.6762533783912659,True
PURIFY,0.6729011535644531,True
PURIFY,0.6678087711334229,True
PURIFY,0.6660882234573364,True
PURIFY,0.0,False
PURIFY,0.6692042946815491,True
PURIFY,0.6616026759147644,True
PURIFY,0.0,False
PURIFY,0.6574599742889404,True
PURIFY,0.6574325561523438,True
PURIFY,0.0,False
PURIFY,0.6475782990455627,True
PURIFY,0.6449509263038635,True
PURIFY,0.0,False
PURIFY,0.6609607338905334,True
PURIFY,0.0,False
PURIFY,0.0,False
PURIFY,0.0,False
PURIFY,0.6807369589805603,True
PURIFY,0.6797083020210266,True
PURIFY,0.6621662974357605,True
PURIFY,0.0,False
PURIFY,0.0,False
PURIFY,0.0,False
PURIFY,0.0,False
PURIFY,0.0,False
PURIFY,0.6292482018470764,True
PURIFY,0.0,False
PURIFY,0.6246677041053772,False
PURIFY,0.6423717141151428,True
PURIFY,0.639859676361084,True
PURIFY,0.6447573304176331,True
PURIFY,0.0,False
PURIFY,0.650391161441803,True
PURIFY,0.6541891098022461,True
PURIFY,0.6481463313102722,True
PURIFY,0.6388962268829346,True
PURIFY,0.0,False
PURIFY,0.6616731882095337,True
PURIFY,0.6606937646865845,True
PURIFY,0.0,False
PURIFY,0.6510352492332458,True
PURIFY,0.6469507217407227,True
PURIFY,0.6411728262901306,True
PURIFY,0.0,False
PURIFY,0.6247537136077881,False
PURIFY,0.6252855062484741,True
PURIFY,0.0,False
PURIFY,0.0,False
PURIFY,0.6115726828575134,False
PURIFY,0.0,False
PURIFY,0.6253940463066101,True
PURIFY,0.6282630562782288,True
PURIFY,0.6280459761619568,True
PURIFY,0.5741862058639526,False
PURIFY,0.5934538841247559,False
PURIFY,0.0,False
PURIFY,0.6207449436187744,False
PURIFY,0.6336930394172668,True
PURIFY,0.6205947399139404,False
PURIFY,0.0,False
PURIFY,0.0,False
PURIFY,0.6515969038009644,True
PURIFY,0.6510587930679321,True
PURIFY,0.6413542628288269,True
PURIFY,0.6488856673240662,True
PURIFY,0.6483074426651001,True
PURIFY,0.6505293846130371,True
PURIFY,0.6523720026016235,True
PURIFY,0.0,False
PURIFY,0.6607434749603271,True
PURIFY,0.0,False
PURIFY,0.6457251906394958,True
PURIFY,0.650236189365387,True
PURIFY,0.6524832844734192,True
PURIFY,0.0,False
PURIFY,0.0,False
PURIFY,0.0,False
PURIFY,0.6635629534721375,True
PURIFY,0.6561428308486938,True
PURIFY,0.0,False
PURIFY,0.6493744850158691,True
PURIFY,0.6502115726470947,True
PURIFY,0.6633293628692627,True
PURIFY,0.6685490608215332,True
PURIFY,0.6698423624038696,True
PURIFY,0.6589176058769226,True
PURIFY,0.0,False
PURIFY,0.6385446190834045,True
PURIFY,0.6396185159683228,True
PURIFY,0.624509334564209,False
PURIFY,0.6178953647613525,False
PURIFY,0.6256052851676941,True
PURIFY,0.6375448107719421,True
PURIFY,0.6385706663131714,True
PURIFY,0.0,False
PURIFY,0.6239626407623291,False
PURIFY,0.6437692642211914,True
PURIFY,0.0,False
PURIFY,0.6472863554954529,True
PURIFY,0.6476070880889893,True
PURIFY,0.0,False
PURIFY,0.6528509855270386,True
PURIFY,0.6346831321716309,True
PURIFY,0.0,False
PURIFY,0.6484407186508179,True
PURIFY,0.6578390598297119,True
PURIFY,0.6545992493629456,True
PURIFY,0.6497886776924133,True
PURIFY,0.0,False
PURIFY,0.6440450549125671,True
PURIFY,0.642998218536377,True
PURIFY,0.6378833651542664,True
PURIFY,0.6303135752677917,True
PURIFY,0.0,False
PURIFY,0.0,False
PURIFY,0.6437751650810242,True
PURIFY,0.6580726504325867,True
PURIFY,0.0,False
PURIFY,0.0,False
PURIFY,0.6531689763069153,True
PURIFY,0.0,False
PURIFY,0.6619386076927185,True
PURIFY,0.6495292782783508,True
PURIFY,0.6509333252906799,True
PURIFY,0.0,False
PURIFY,0.0,False
PURIFY,0.6392613649368286,True
PURIFY,0.6317757368087769,True
PURIFY,0.6430262327194214,True
PURIFY,0.0,False
PURIFY,0.0,False
PURIFY,0.0,False
PURIFY,0.6538761854171753,True
PURIFY,0.0,False
PURIFY,0.6495447754859924,True
PURIFY,0.65782630443573,True
PURIFY,0.6507545709609985,True
PURIFY,0.0,False
PURIFY,0.0,False
PURIFY,0.0,False
PURIFY,0.6621717810630798,True
PURIFY,0.6511390805244446,True
PURIFY,0.6499534249305725,True
PURIFY,0.0,False
PURIFY,0.0,False
PURIFY,0.6573189496994019,True
PURIFY,0.6567893624305725,True
PURIFY,0.6385369300842285,True
PURIFY,0.6399517059326172,True
PURIFY,0.0,False
PURIFY,0.6345885992050171,True
PURIFY,0.0,False
PURIFY,0.6323038339614868,True
PURIFY,0.6372898817062378,True
PURIFY,0.0,False
PURIFY,0.6323320865631104,True
PURIFY,0.0,False
PURIFY,0.0,False
PURIFY,0.0,False
PURIFY,0.6502926349639893,True
PURIFY,0.6480201482772827,True
PURIFY,0.0,False
PURIFY,0.0,False
PURIFY,0.0,False
PURIFY,0.0,False
PURIFY,0.0,False
PURIFY,0.6560888290405273,True
PURIFY,0.0,False
PURIFY,0.0,False
PURIFY,0.6407356262207031,True
PURIFY,0.6540184020996094,True
PURIFY,0.0,False
PURIFY,0.6547239422798157,True
PURIFY,0.6620665192604065,True
PURIFY,0.648379385471344,True
PURIFY,0.0,False
PURIFY,0.637559175491333,True
PURIFY,0.6240329742431641,False
PURIFY,0.0,False
PURIFY,0.0,False
PURIFY,0.6324045062065125,True
PURIFY,0.6182617545127869,False
PURIFY,0.0,False
PURIFY,0.0,False
PURIFY,0.6444106101989746,True
PURIFY,0.6257684826850891,True
PURIFY,0.0,False
PURIFY,0.6230427026748657,False
PURIFY,0.0,False
PURIFY,0.646998941898346,True
PURIFY,0.6422679424285889,True
PURIFY,0.644168496131897,True
PURIFY,0.647646427154541,True
PURIFY,0.6532242894172668,True
PURIFY,0.6373573541641235,True
PURIFY,0.6282426714897156,True
PURIFY,0.6413240432739258,True
PURIFY,0.6201232075691223,False
PURIFY,0.6278955340385437,True
PURIFY,0.6141634583473206,False
PURIFY,0.0,False
PURIFY,0.6203790903091431,False
PURIFY,0.6472892761230469,True
PURIFY,0.0,False
PURIFY,0.6611664891242981,True
PURIFY,0.0,False
PURIFY,0.6590416431427002,True
PURIFY,0.0,False
PURIFY,0.6602984666824341,True
PURIFY,0.6540166735649109,True
PURIFY,0.6489782929420471,True
PURIFY,0.6386971473693848,True
PURIFY,0.6235017776489258,False
PURIFY,0.0,False
PURIFY,0.0,False
PURIFY,0.5998401045799255,False
PURIFY,0.5673972368240356,False
PURIFY,0.0,False
PURIFY,0.0,False
PURIFY,0.0,False
PURIFY,0.0,False
PURIFY,0.0,False
PURIFY,0.6840194463729858,True
PURIFY,0.6676834225654602,True
PURIFY,0.0,False
PURIFY,0.0,False
PURIFY,0.6754016876220703,True
PURIFY,0.652439296245575,True
PURIFY,0.0,False
PURIFY,0.6124303340911865,False
PURIFY,0.0,False
PURIFY,0.6267595887184143,True
PURIFY,0.0,False
PURIFY,0.6511901617050171,True
PURIFY,0.6358376741409302,True
PURIFY,0.5988340377807617,False
PURIFY,0.0,False
PURIFY,0.6007092595100403,False
PURIFY,0.5983524918556213,False
PURIFY,0.6165671348571777,False
PURIFY,0.0,False
PURIFY,0.0,False
PURIFY,0.6429444551467896,True
PURIFY,0.0,False
PURIFY,0.6332677602767944,True
PURIFY,0.0,False
PURIFY,0.6456995606422424,True
PURIFY,0.6548678278923035,True
PURIFY,0.6580986976623535,True
PURIFY,0.0,False
PURIFY,0.6332807540893555,True
PURIFY,0.0,False
PURIFY,0.6396333575248718,True
PURIFY,0.6563367247581482,True
PURIFY,0.6656278967857361,True
PURIFY,0.6524304151535034,True
PURIFY,0.36122316122055054,False
PURIFY,0.0,False
PURIFY,0.0,False
PURIFY,0.0,False
PURIFY,0.6511780619621277,True
PURIFY,0.0,False
PURIFY,0.0,False
PURIFY,0.6743794083595276,True
PURIFY,0.6743307113647461,True
PURIFY,0.0,False
PURIFY,0.0,False
PURIFY,0.0,False
PURIFY,0.0,False
PURIFY,0.0,False
PURIFY,0.0,False
PURIFY,0.6811976432800293,True
PURIFY,0.6637609004974365,True
PURIFY,0.0,False
PURIFY,0.676449179649353,True
PURIFY,0.6679551601409912,True
PURIFY,0.0,False
PURIFY,0.0,False
PURIFY,0.0,False
PURIFY,0.6645412445068359,True
PURIFY,0.6609302163124084,True
PURIFY,0.0,False
PURIFY,0.0,False
PURIFY,0.0,False
PURIFY,0.6542001366615295,True
PURIFY,0.0,False
PURIFY,0.6524507999420166,True
PURIFY,0.6519124507904053,True
PURIFY,0.6571951508522034,True
PURIFY,0.6494645476341248,True
PURIFY,0.0,False
PURIFY,0.0,False
PURIFY,0.6345912218093872,True
PURIFY,0.0,False
PURIFY,0.6695983409881592,True
PURIFY,0.0,False
PURIFY,0.0,False
PURIFY,0.6863966584205627,True
PURIFY,0.0,False
PURIFY,0.0,False
PURIFY,0.679463267326355,True
PURIFY,0.6753762364387512,True
PURIFY,0.0,False
PURIFY,0.0,False
PURIFY,0.6691749691963196,True
PURIFY,0.6659614443778992,True
PURIFY,0.6597788333892822,True
PURIFY,0.6443000435829163,True
PURIFY,0.0,False
PURIFY,0.0,False
PURIFY,0.6767312288284302,True
PURIFY,0.6918462514877319,True
PURIFY,0.6771435141563416,True
PURIFY,0.6819980144500732,True
PURIFY,0.0,False
PURIFY,0.6865024566650391,True
PURIFY,0.0,False
PURIFY,0.0,False
PURIFY,0.705791711807251,True
PURIFY,0.7122343182563782,True
PURIFY,0.0,False
